-- MariaDB dump 10.19  Distrib 10.6.11-MariaDB, for debian-linux-gnu (x86_64)
--
-- Host: localhost    Database: drugs
-- ------------------------------------------------------
-- Server version	10.6.11-MariaDB-0ubuntu0.22.10.1

/*!40101 SET @OLD_CHARACTER_SET_CLIENT=@@CHARACTER_SET_CLIENT */;
/*!40101 SET @OLD_CHARACTER_SET_RESULTS=@@CHARACTER_SET_RESULTS */;
/*!40101 SET @OLD_COLLATION_CONNECTION=@@COLLATION_CONNECTION */;
/*!40101 SET NAMES utf8mb4 */;
/*!40103 SET @OLD_TIME_ZONE=@@TIME_ZONE */;
/*!40103 SET TIME_ZONE='+00:00' */;
/*!40014 SET @OLD_UNIQUE_CHECKS=@@UNIQUE_CHECKS, UNIQUE_CHECKS=0 */;
/*!40014 SET @OLD_FOREIGN_KEY_CHECKS=@@FOREIGN_KEY_CHECKS, FOREIGN_KEY_CHECKS=0 */;
/*!40101 SET @OLD_SQL_MODE=@@SQL_MODE, SQL_MODE='NO_AUTO_VALUE_ON_ZERO' */;
/*!40111 SET @OLD_SQL_NOTES=@@SQL_NOTES, SQL_NOTES=0 */;

--
-- Table structure for table `drug_medical_conditions`
--

DROP TABLE IF EXISTS `drug_medical_conditions`;
/*!40101 SET @saved_cs_client     = @@character_set_client */;
/*!40101 SET character_set_client = utf8 */;
CREATE TABLE `drug_medical_conditions` (
  `id` int(11) NOT NULL AUTO_INCREMENT,
  `drug_id` int(11) NOT NULL,
  `medical_condition_id` int(11) NOT NULL,
  PRIMARY KEY (`id`),
  KEY `drug_id` (`drug_id`),
  KEY `medical_condition_id` (`medical_condition_id`),
  CONSTRAINT `drug_medical_conditions_ibfk_1` FOREIGN KEY (`drug_id`) REFERENCES `drugs` (`id`),
  CONSTRAINT `drug_medical_conditions_ibfk_2` FOREIGN KEY (`medical_condition_id`) REFERENCES `medical_conditions` (`id`)
) ENGINE=InnoDB AUTO_INCREMENT=205 DEFAULT CHARSET=utf8mb4 COLLATE=utf8mb4_general_ci;
/*!40101 SET character_set_client = @saved_cs_client */;

--
-- Dumping data for table `drug_medical_conditions`
--

LOCK TABLES `drug_medical_conditions` WRITE;
/*!40000 ALTER TABLE `drug_medical_conditions` DISABLE KEYS */;
INSERT INTO `drug_medical_conditions` VALUES (1,1,1),(2,1,2),(3,1,3),(4,1,4),(5,1,5),(6,10,6),(7,10,7),(8,10,8),(9,18,9),(10,18,10),(11,18,11),(12,18,12),(13,19,13),(14,26,14),(15,26,15),(16,27,16),(17,27,17),(18,33,6),(19,33,7),(20,33,8),(21,34,8),(22,35,22),(23,40,23),(24,48,24),(25,48,25),(26,48,26),(27,56,27),(28,61,28),(29,66,29),(30,72,30),(31,72,31),(32,73,32),(33,77,33),(34,77,34),(35,77,35),(36,85,36),(37,86,37),(38,86,38),(39,86,39),(40,87,40),(41,87,41),(42,87,42),(43,95,43),(44,97,44),(45,100,10),(46,101,46),(47,101,47),(48,101,48),(49,101,49),(50,101,50),(51,102,8),(52,105,52),(53,106,11),(54,106,10),(55,112,55),(56,119,56),(57,119,8),(58,120,8),(59,121,59),(60,122,60),(61,122,61),(62,123,40),(63,123,42),(64,123,41),(65,124,52),(66,131,66),(67,131,67),(68,131,68),(69,131,69),(70,131,10),(71,132,25),(72,133,72),(73,140,73),(74,144,52),(75,145,75),(76,145,76),(77,145,77),(78,145,78),(79,151,79),(80,151,80),(81,151,81),(82,151,82),(83,159,8),(84,160,82),(85,160,81),(86,160,79),(87,161,87),(88,161,88),(89,170,89),(90,171,90),(91,172,6),(92,173,59),(93,173,93),(94,176,94),(95,183,95),(96,189,96),(97,189,97),(98,190,6),(99,191,89),(100,191,100),(101,195,46),(102,195,47),(103,195,48),(104,195,49),(105,195,50),(106,203,22),(107,204,107),(108,205,37),(109,205,38),(110,205,39),(111,211,111),(112,211,80),(113,212,8),(114,213,46),(115,213,47),(116,213,116),(117,213,117),(118,214,118),(119,214,26),(120,219,10),(121,220,36),(122,221,22),(123,221,23),(124,221,124),(125,221,125),(126,222,126),(127,230,127),(128,237,88),(129,238,129),(130,238,126),(131,240,75),(132,240,76),(133,240,77),(134,240,78),(135,241,75),(136,241,76),(137,241,137),(138,241,138),(139,243,16),(140,243,17),(141,244,141),(142,244,142),(143,244,143),(144,244,144),(145,252,145),(146,252,146),(147,252,147),(148,252,148),(149,252,149),(150,252,150),(151,260,151),(152,260,152),(153,260,153),(154,260,154),(155,265,155),(156,266,156),(157,266,157),(158,266,158),(159,266,159),(160,273,160),(161,274,161),(162,275,46),(163,275,47),(164,275,116),(165,275,117),(166,282,166),(167,289,167),(168,289,168),(169,289,169),(170,289,170),(171,289,171),(172,296,172),(173,296,173),(174,296,174),(175,296,175),(176,301,176),(177,302,177),(178,302,178),(179,303,179),(180,308,180),(181,308,156),(182,308,47),(183,308,159),(184,312,184),(185,313,111),(186,313,80),(187,314,187),(188,314,188),(189,315,189),(190,315,190),(191,322,191),(192,322,192),(193,322,193),(194,322,194),(195,322,195),(196,322,196),(197,323,107),(198,324,198),(199,324,56),(200,324,8),(201,325,50),(202,328,202),(203,328,203),(204,328,204);
/*!40000 ALTER TABLE `drug_medical_conditions` ENABLE KEYS */;
UNLOCK TABLES;

--
-- Table structure for table `drug_side_effects`
--

DROP TABLE IF EXISTS `drug_side_effects`;
/*!40101 SET @saved_cs_client     = @@character_set_client */;
/*!40101 SET character_set_client = utf8 */;
CREATE TABLE `drug_side_effects` (
  `id` int(11) NOT NULL AUTO_INCREMENT,
  `drug_id` int(11) NOT NULL,
  `side_effect_id` int(11) NOT NULL,
  PRIMARY KEY (`id`),
  KEY `drug_id` (`drug_id`),
  KEY `side_effect_id` (`side_effect_id`),
  CONSTRAINT `drug_side_effects_ibfk_1` FOREIGN KEY (`drug_id`) REFERENCES `drugs` (`id`),
  CONSTRAINT `drug_side_effects_ibfk_2` FOREIGN KEY (`side_effect_id`) REFERENCES `side_effects` (`id`)
) ENGINE=InnoDB AUTO_INCREMENT=375 DEFAULT CHARSET=utf8mb4 COLLATE=utf8mb4_general_ci;
/*!40101 SET character_set_client = @saved_cs_client */;

--
-- Dumping data for table `drug_side_effects`
--

LOCK TABLES `drug_side_effects` WRITE;
/*!40000 ALTER TABLE `drug_side_effects` DISABLE KEYS */;
INSERT INTO `drug_side_effects` VALUES (1,18,1),(2,18,2),(3,18,3),(4,18,4),(5,18,5),(6,19,6),(7,19,7),(8,19,8),(9,26,9),(10,26,10),(11,26,11),(12,26,12),(13,27,13),(14,27,14),(15,33,15),(16,33,16),(17,35,17),(18,35,15),(19,35,19),(20,48,20),(21,48,21),(22,48,22),(23,48,23),(24,48,24),(25,56,25),(26,56,26),(27,56,27),(28,56,28),(29,56,29),(30,56,30),(31,56,31),(32,61,32),(33,61,33),(34,61,2),(35,61,35),(36,61,36),(37,66,17),(38,66,38),(39,66,24),(40,72,40),(41,72,41),(42,72,42),(43,77,43),(44,77,44),(45,85,45),(46,85,46),(47,85,47),(48,85,48),(49,85,49),(50,85,50),(51,85,51),(52,85,52),(53,86,53),(54,86,54),(55,86,21),(56,86,56),(57,86,57),(58,86,58),(59,87,59),(60,87,60),(61,95,61),(62,97,62),(63,97,63),(64,97,64),(65,97,65),(66,97,66),(67,97,67),(68,97,68),(69,97,69),(70,97,70),(71,97,71),(72,100,72),(73,100,73),(74,100,74),(75,101,75),(76,101,76),(77,101,77),(78,101,78),(79,101,79),(80,101,80),(81,105,81),(82,105,82),(83,105,2),(84,105,84),(85,105,85),(86,105,86),(87,105,87),(88,105,88),(89,106,89),(90,106,90),(91,106,91),(92,106,92),(93,106,13),(94,106,94),(95,112,95),(96,112,96),(97,112,97),(98,112,98),(99,112,99),(100,112,100),(101,123,59),(102,123,60),(103,124,81),(104,124,82),(105,124,2),(106,124,84),(107,124,85),(108,124,86),(109,124,87),(110,124,88),(111,131,28),(112,131,2),(113,131,113),(114,131,114),(115,133,28),(116,133,116),(117,133,117),(118,133,118),(119,133,31),(120,140,120),(121,140,121),(122,140,122),(123,140,123),(124,144,81),(125,144,82),(126,144,2),(127,144,84),(128,144,85),(129,144,86),(130,144,87),(131,144,88),(132,151,132),(133,151,133),(134,151,134),(135,151,135),(136,151,136),(137,151,137),(138,151,138),(139,151,139),(140,151,140),(141,160,132),(142,160,133),(143,160,134),(144,160,135),(145,160,136),(146,160,137),(147,160,138),(148,160,139),(149,160,140),(150,161,150),(151,161,151),(152,161,152),(153,161,153),(154,170,154),(155,170,155),(156,170,156),(157,170,157),(158,170,158),(159,170,159),(160,170,160),(161,170,161),(162,171,2),(163,171,163),(164,171,164),(165,171,165),(166,171,57),(167,171,167),(168,173,137),(169,173,169),(170,173,170),(171,173,171),(172,173,172),(173,176,2),(174,176,174),(175,176,175),(176,176,176),(177,183,177),(178,183,2),(179,183,179),(180,183,180),(181,183,133),(182,183,182),(183,183,183),(184,189,184),(185,189,185),(186,189,28),(187,189,187),(188,189,188),(189,189,189),(190,189,190),(191,189,191),(192,191,95),(193,191,193),(194,191,194),(195,195,78),(196,195,196),(197,195,197),(198,203,2),(199,203,199),(200,203,200),(201,203,201),(202,204,202),(203,204,203),(204,204,9),(205,204,205),(206,204,206),(207,204,207),(208,204,208),(209,205,53),(210,205,54),(211,205,21),(212,205,56),(213,205,57),(214,205,58),(215,211,215),(216,211,137),(217,211,217),(218,211,218),(219,211,219),(220,211,220),(221,211,221),(222,211,222),(223,211,223),(224,211,224),(225,211,52),(226,213,226),(227,213,227),(228,213,196),(229,213,229),(230,214,21),(231,214,231),(232,214,232),(233,214,118),(234,214,234),(235,219,235),(236,219,236),(237,219,237),(238,219,238),(239,219,239),(240,219,240),(241,220,241),(242,220,242),(243,220,52),(244,222,29),(245,222,73),(246,222,246),(247,237,247),(248,237,248),(249,237,201),(250,238,250),(251,238,251),(252,238,252),(253,238,253),(254,238,254),(255,238,246),(256,240,17),(257,240,15),(258,240,19),(259,241,17),(260,241,15),(261,241,19),(262,243,13),(263,243,14),(264,252,264),(265,252,265),(266,252,95),(267,252,155),(268,252,2),(269,252,99),(270,252,52),(271,260,271),(272,260,272),(273,260,273),(274,265,274),(275,265,275),(276,265,276),(277,266,277),(278,266,278),(279,266,279),(280,266,265),(281,266,281),(282,266,282),(283,274,283),(284,274,284),(285,274,285),(286,274,57),(287,274,287),(288,275,288),(289,275,6),(290,275,290),(291,275,24),(292,282,292),(293,282,2),(294,282,294),(295,282,295),(296,282,296),(297,282,297),(298,282,21),(299,282,299),(300,282,300),(301,289,301),(302,289,302),(303,289,303),(304,289,218),(305,289,305),(306,289,306),(307,296,307),(308,296,308),(309,296,309),(310,301,310),(311,301,311),(312,301,250),(313,301,28),(314,301,314),(315,301,315),(316,301,316),(317,301,317),(318,302,318),(319,302,319),(320,302,171),(321,302,321),(322,303,40),(323,303,41),(324,303,42),(325,308,235),(326,308,182),(327,308,24),(328,312,328),(329,312,28),(330,312,330),(331,312,179),(332,312,332),(333,312,333),(334,313,215),(335,313,137),(336,313,217),(337,313,218),(338,313,219),(339,313,220),(340,313,221),(341,313,222),(342,313,223),(343,313,224),(344,313,52),(345,314,97),(346,314,29),(347,314,235),(348,314,348),(349,314,349),(350,314,350),(351,314,351),(352,315,352),(353,315,150),(354,315,354),(355,315,355),(356,315,223),(357,315,285),(358,315,99),(359,315,359),(360,322,360),(361,322,10),(362,322,362),(363,322,363),(364,322,364),(365,323,265),(366,323,366),(367,323,367),(368,324,17),(369,324,15),(370,324,19),(371,325,226),(372,325,227),(373,325,196),(374,325,229);
/*!40000 ALTER TABLE `drug_side_effects` ENABLE KEYS */;
UNLOCK TABLES;

--
-- Table structure for table `drugs`
--

DROP TABLE IF EXISTS `drugs`;
/*!40101 SET @saved_cs_client     = @@character_set_client */;
/*!40101 SET character_set_client = utf8 */;
CREATE TABLE `drugs` (
  `id` int(11) NOT NULL AUTO_INCREMENT,
  `drug_name` varchar(255) DEFAULT NULL,
  `generic_name` varchar(255) DEFAULT NULL,
  PRIMARY KEY (`id`)
) ENGINE=InnoDB AUTO_INCREMENT=330 DEFAULT CHARSET=utf8mb4 COLLATE=utf8mb4_general_ci;
/*!40101 SET character_set_client = @saved_cs_client */;

--
-- Dumping data for table `drugs`
--

LOCK TABLES `drugs` WRITE;
/*!40000 ALTER TABLE `drugs` DISABLE KEYS */;
INSERT INTO `drugs` VALUES (1,'Armour Thyroid','thyroid desiccated'),(2,'Gavreto',''),(3,'Retevmo',''),(4,'levothyroxine',''),(5,'Synthroid',''),(6,'Euthyrox',''),(7,'liothyronine',''),(8,'Levoxyl',''),(9,'aspirin and pseudoephedrine','aspirin and pseudoephedrine'),(10,'aspirin/butalbital/caffeine','aspirin, butalbital, and caffeine'),(11,'Buprenex',''),(12,'aspirin',''),(13,'acetaminophen',''),(14,'ibuprofen',''),(15,'tramadol',''),(16,'diclofenac',''),(17,'Tylenol',''),(18,'Aralen Phosphate','chloroquine'),(19,'Atogepant','atogepant'),(20,'propranolol',''),(21,'atenolol',''),(22,'topiramate',''),(23,'nifedipine',''),(24,'verapamil',''),(25,'Depakote',''),(26,'Aquatab DM','dextromethorphan and guaifenesin'),(27,'Artiss Duo Set','fibrin sealant topical'),(28,'thrombin topical',''),(29,'Thrombogen',''),(30,'VistaSeal',''),(31,'fibrin sealant topical',''),(32,'Evicel',''),(33,'Aspirin, butalbital, and caffeine','aspirin, butalbital, and caffeine'),(34,'Arctic Relief','camphor and menthol topical'),(35,'Aspi-Cor','aspirin (oral)'),(36,'clopidogrel',''),(37,'Plavix',''),(38,'pravastatin',''),(39,'Brilinta',''),(40,'atorvastatin and ezetimibe','atorvastatin and ezetimibe'),(41,'Praluent',''),(42,'atorvastatin',''),(43,'simvastatin',''),(44,'rosuvastatin',''),(45,'Lipitor',''),(46,'Zetia',''),(47,'Crestor',''),(48,'Aspirin, chlorpheniramine, and phenylephrine','aspirin, chlorpheniramine, and phenylephrine'),(49,'Benadryl',''),(50,'diphenhydramine',''),(51,'epinephrine topical',''),(52,'chlorpheniramine',''),(53,'pseudoephedrine',''),(54,'phenylephrine nasal',''),(55,'mometasone nasal',''),(56,'Arikayce','amikacin liposome'),(57,'ciprofloxacin',''),(58,'azithromycin',''),(59,'Zithromax',''),(60,'clarithromycin',''),(61,'Arestin (mucous membrane powder)','minocycline (mucous membrane powder)'),(62,'doxycycline',''),(63,'minocycline',''),(64,'chlorhexidine topical',''),(65,'Vibramycin',''),(66,'Arthriten','acetaminophen, aspirin, and caffeine'),(67,'Excedrin',''),(68,'Excedrin Migraine',''),(69,'Vicks NyQuil Severe Cold & Flu',''),(70,'Vicks Dayquil Cold & Flu Relief',''),(71,'acetaminophen / aspirin / caffeine',''),(72,'Avage','tazarotene topical'),(73,'Aquasol A','vitamin A (oral/injection)'),(74,'vitamin a',''),(75,'beta-carotene',''),(76,'aspirin/diphenhydramine/phenylpropanolamine','aspirin/diphenhydramine/phenylpropanolamine'),(77,'Atrac-Tain','urea topical'),(78,'triamcinolone',''),(79,'Temovate',''),(80,'ammonium lactate topical',''),(81,'dimethicone topical',''),(82,'sodium hyaluronate topical',''),(83,'urea topical',''),(84,'Clobex',''),(85,'Asparaginase Erwinia chrysanthemi','asparaginase Erwinia chrysanthemi'),(86,'Atropine-1','atropine ophthalmic'),(87,'Ascorbic acid','ascorbic acid (vitamin C)'),(88,'acetylcysteine',''),(89,'biotin',''),(90,'niacin',''),(91,'Vitamin C',''),(92,'multivitamin',''),(93,'Fish Oil',''),(94,'Ester-C',''),(95,'Asfotase alfa','asfotase alfa'),(96,'Strensiq',''),(97,'Arsenic trioxide','arsenic trioxide'),(98,'tretinoin',''),(99,'Vesanoid',''),(100,'Artesunate','artesunate'),(101,'Asenapine (sublingual)','asenapine (sublingual)'),(102,'aspirin and hydrocodone','aspirin and hydrocodone'),(103,'naproxen',''),(104,'oxycodone',''),(105,'Asmanex Twisthaler 120 Dose','mometasone inhalation'),(106,'Atovaquone and proguanil','atovaquone and proguanil'),(107,'clindamycin',''),(108,'hydroxychloroquine',''),(109,'Plaquenil',''),(110,'Cleocin',''),(111,'Malarone',''),(112,'Asciminib','asciminib'),(113,'hydroxyurea',''),(114,'cyclophosphamide',''),(115,'Gleevec',''),(116,'Sprycel',''),(117,'Tasigna',''),(118,'Bosulif',''),(119,'Aurophen','acetaminophen (oral)'),(120,'aspirin and codeine','aspirin and codeine'),(121,'aspirin and methocarbamol','aspirin and methocarbamol'),(122,'Aquoral','saliva substitutes'),(123,'Ascorbic Acid Quick Melts','ascorbic acid (vitamin C)'),(124,'Asmanex Twisthaler 60 Dose','mometasone inhalation'),(125,'Symbicort',''),(126,'Ventolin',''),(127,'Breo Ellipta',''),(128,'Dupixent',''),(129,'Ventolin HFA',''),(130,'Xopenex',''),(131,'Atovaquone','atovaquone'),(132,'aspirin, chlorpheniramine, and dextromethorphan','aspirin, chlorpheniramine, and dextromethorphan'),(133,'Aricept ODT','donepezil (oral)'),(134,'donepezil',''),(135,'memantine',''),(136,'Aricept',''),(137,'Namenda',''),(138,'rivastigmine',''),(139,'Exelon',''),(140,'Auraphene-B (otic)','carbamide peroxide (otic)'),(141,'Debrox',''),(142,'carbamide peroxide otic',''),(143,'Aurodex',''),(144,'Asmanex HFA','mometasone inhalation'),(145,'Aspirin (rectal)','aspirin (rectal)'),(146,'Cosentyx',''),(147,'Humira',''),(148,'amlodipine',''),(149,'lisinopril',''),(150,'metoprolol',''),(151,'Atropine (injection)','atropine (injection)'),(152,'epinephrine',''),(153,'atropine',''),(154,'hyoscyamine',''),(155,'Adrenalin',''),(156,'Levsin',''),(157,'isoproterenol',''),(158,'pralidoxime',''),(159,'Aspercreme Heat Pain Relieving','menthol topical'),(160,'AtroPen Auto-Injector (injection)','atropine (injection)'),(161,'Auryxia','ferric citrate'),(162,'ferrous sulfate',''),(163,'sucralfate',''),(164,'Carafate',''),(165,'sevelamer',''),(166,'Venofer',''),(167,'Renvela',''),(168,'Injectafer',''),(169,'aspirin/chlorpheniramine/phenylpropanolamine','aspirin/chlorpheniramine/phenylpropanolamine'),(170,'Arformoterol inhalation','arformoterol inhalation'),(171,'Atrovent Nasal','ipratropium nasal'),(172,'Aspirin, butalbital, caffeine, and codeine','aspirin, butalbital, caffeine, and codeine'),(173,'Aspirin, caffeine, and orphenadrine','aspirin, caffeine, and orphenadrine'),(174,'cyclobenzaprine',''),(175,'Paracetamol',''),(176,'Avanafil','avanafil'),(177,'sildenafil',''),(178,'tadalafil',''),(179,'Viagra',''),(180,'Cialis',''),(181,'alprostadil',''),(182,'Levitra',''),(183,'Aralast NP','alpha 1-proteinase inhibitor'),(184,'Glassia',''),(185,'Prolastin',''),(186,'Prolastin-C',''),(187,'Aralast',''),(188,'alpha 1-proteinase inhibitor',''),(189,'Atgam (equine)','lymphocyte immune globulin, anti-thymocyte (equine) (LIM foe site i MUNE GLOB ue lin, AN tee THYE moe site (EE kwine ) )'),(190,'Ascomp with Codeine','aspirin, butalbital, caffeine, and codeine'),(191,'Atrovent HFA','ipratropium inhalation'),(192,'prednisone',''),(193,'Spiriva',''),(194,'Anoro Ellipta',''),(195,'Asenapine (transdermal)','asenapine (transdermal)'),(196,'Latuda',''),(197,'quetiapine',''),(198,'lamotrigine',''),(199,'Abilify',''),(200,'Seroquel',''),(201,'aripiprazole',''),(202,'risperidone',''),(203,'Aspirin and dipyridamole','aspirin and dipyridamole'),(204,'Atenolol and chlorthalidone','atenolol and chlorthalidone'),(205,'Atropine ophthalmic','atropine ophthalmic'),(206,'dexamethasone ophthalmic',''),(207,'triamcinolone ophthalmic',''),(208,'azathioprine',''),(209,'phenylephrine ophthalmic',''),(210,'adalimumab',''),(211,'Atropine and pralidoxime','atropine and pralidoxime'),(212,'Aspirin and oxycodone','aspirin and oxycodone'),(213,'Aripiprazole (injection)','aripiprazole (injection)'),(214,'Aquatab D','guaifenesin and phenylephrine'),(215,'Nasonex',''),(216,'Bromfed DM',''),(217,'brompheniramine / dextromethorphan / pseudoephedrine',''),(218,'ibuprofen / pseudoephedrine',''),(219,'Artemether and lumefantrine','artemether and lumefantrine'),(220,'Asparlas','calaspargase pegol'),(221,'aspirin and pravastatin','aspirin and pravastatin'),(222,'Atazanavir and cobicistat','atazanavir and cobicistat'),(223,'Biktarvy',''),(224,'Genvoya',''),(225,'Stribild',''),(226,'Triumeq',''),(227,'Truvada',''),(228,'tenofovir',''),(229,'Atripla',''),(230,'astemizole','astemizole'),(231,'hydroxyzine',''),(232,'loratadine',''),(233,'levocetirizine',''),(234,'Vistaril',''),(235,'Atarax',''),(236,'Xyzal',''),(237,'Ascorbic acid and carbonyl iron','ascorbic acid and carbonyl iron'),(238,'Atazanavir','atazanavir'),(239,'zidovudine',''),(240,'Arthritis Pain','aspirin (oral)'),(241,'Aspir-Low','aspirin (oral)'),(242,'carvedilol',''),(243,'Artiss Duploject','fibrin sealant topical'),(244,'Athlete\'s Foot Cream','terbinafine topical'),(245,'clotrimazole topical',''),(246,'ketoconazole topical',''),(247,'terbinafine',''),(248,'terbinafine topical',''),(249,'itraconazole',''),(250,'miconazole topical',''),(251,'Lamisil',''),(252,'Asacol HD','mesalamine (oral)'),(253,'Lialda',''),(254,'Pentasa',''),(255,'Asacol',''),(256,'Apriso',''),(257,'Azulfidine',''),(258,'Canasa',''),(259,'Delzicol',''),(260,'Auranofin','auranofin'),(261,'Enbrel',''),(262,'Remicade',''),(263,'Rituxan',''),(264,'Orencia',''),(265,'Aspirin and omeprazole','aspirin and omeprazole'),(266,'Atomoxetine','atomoxetine'),(267,'Adderall',''),(268,'Vyvanse',''),(269,'methylphenidate',''),(270,'Concerta',''),(271,'Ritalin',''),(272,'Strattera',''),(273,'Asthmanefrin','racepinephrine'),(274,'Artificial Tears','ocular lubricant'),(275,'Aripiprazole (oral with sensor)','aripiprazole (oral with sensor)'),(276,'Rexulti',''),(277,'Trintellix',''),(278,'trazodone',''),(279,'sertraline',''),(280,'fluoxetine',''),(281,'Lexapro',''),(282,'Atropine and diphenoxylate','atropine and diphenoxylate'),(283,'loperamide',''),(284,'Imodium',''),(285,'Lomotil',''),(286,'Pepto-Bismol',''),(287,'neomycin',''),(288,'bismuth subsalicylate',''),(289,'Aredia','pamidronate'),(290,'furosemide',''),(291,'Lasix',''),(292,'alendronate',''),(293,'dexamethasone',''),(294,'Fosamax',''),(295,'Decadron',''),(296,'Ativan (injection)','lorazepam (injection)'),(297,'Belsomra',''),(298,'escitalopram',''),(299,'alprazolam',''),(300,'duloxetine',''),(301,'Argatroban','argatroban'),(302,'Articaine and epinephrine','articaine and epinephrine'),(303,'Arazlo','tazarotene topical'),(304,'clindamycin topical',''),(305,'erythromycin topical',''),(306,'tetracycline',''),(307,'Tazorac',''),(308,'Armodafinil','armodafinil'),(309,'Sunosi',''),(310,'modafinil',''),(311,'dextroamphetamine',''),(312,'Avalglucosidase alfa','avalglucosidase alfa'),(313,'ATNAA','atropine and pralidoxime'),(314,'Avacopan','avacopan'),(315,'Avapritinib','avapritinib'),(316,'omeprazole',''),(317,'Prilosec',''),(318,'lansoprazole',''),(319,'Prevacid',''),(320,'imatinib',''),(321,'Stivarga',''),(322,'Arixtra','fondaparinux'),(323,'Atacand HCT','hydrochlorothiazide and candesartan'),(324,'Aspirin and caffeine','aspirin and caffeine'),(325,'Aristada (injection)','aripiprazole (injection)'),(326,'olanzapine',''),(327,'Auro-Dri','isopropyl alcohol otic'),(328,'Artane','trihexyphenidyl'),(329,'Page Not Found','');
/*!40000 ALTER TABLE `drugs` ENABLE KEYS */;
UNLOCK TABLES;

--
-- Table structure for table `medical_conditions`
--

DROP TABLE IF EXISTS `medical_conditions`;
/*!40101 SET @saved_cs_client     = @@character_set_client */;
/*!40101 SET character_set_client = utf8 */;
CREATE TABLE `medical_conditions` (
  `id` int(11) NOT NULL AUTO_INCREMENT,
  `medical_condition_name` varchar(255) DEFAULT NULL,
  `description` varchar(255) DEFAULT NULL,
  PRIMARY KEY (`id`)
) ENGINE=InnoDB AUTO_INCREMENT=205 DEFAULT CHARSET=utf8mb4 COLLATE=utf8mb4_general_ci;
/*!40101 SET character_set_client = @saved_cs_client */;

--
-- Dumping data for table `medical_conditions`
--

LOCK TABLES `medical_conditions` WRITE;
/*!40000 ALTER TABLE `medical_conditions` DISABLE KEYS */;
INSERT INTO `medical_conditions` VALUES (1,'Hashimoto\'s disease',''),(2,'Underactive Thyroid',''),(3,'TSH Suppression',''),(4,'Hypothyroidism, After Thyroid Removal',''),(5,'Thyroid Cancer',''),(6,'Headache',''),(7,'Migraine',''),(8,'Pain',''),(9,'Amebiasis',''),(10,'Malaria',''),(11,'Malaria Prevention',''),(12,'Sarcoidosis',''),(13,'Migraine Prevention',''),(14,'Cough',''),(15,'Expectoration',''),(16,'Hemostasis',''),(17,'Closure of Colostomy',''),(18,'Headache',''),(19,'Migraine',''),(20,'Pain',''),(21,'Pain',''),(22,'Ischemic Stroke, Prophylaxis',''),(23,'High Cholesterol',''),(24,'Nasal Congestion',''),(25,'Cold Symptoms',''),(26,'Sinus Symptoms',''),(27,'Mycobacterium avium-intracellulare, Treatment',''),(28,'Periodontitis',''),(29,'Pain/Fever',''),(30,'Facial Wrinkles',''),(31,'Skin Pigmentation Disorder',''),(32,'Vitamin A Deficiency',''),(33,'Dermatological Disorders',''),(34,'Dry Skin',''),(35,'Pityriasis rubra pilaris',''),(36,'Acute Lymphoblastic Leukemia',''),(37,'Uveitis',''),(38,'Pupillary Dilation',''),(39,'Refraction, Assessment',''),(40,'Dietary Supplementation',''),(41,'Urinary Acidification',''),(42,'Scurvy',''),(43,'Hypophosphatasia',''),(44,'Acute Promyelocytic Leukemia',''),(45,'Malaria',''),(46,'Borderline Personality Disorder',''),(47,'Bipolar Disorder',''),(48,'Post Traumatic Stress Disorder',''),(49,'Schizoaffective Disorder',''),(50,'Schizophrenia',''),(51,'Pain',''),(52,'Asthma, Maintenance',''),(53,'Malaria Prevention',''),(54,'Malaria',''),(55,'Chronic Myelogenous Leukemia',''),(56,'Fever',''),(57,'Pain',''),(58,'Pain',''),(59,'Muscle Pain',''),(60,'Mucositis',''),(61,'Xerostomia',''),(62,'Dietary Supplementation',''),(63,'Scurvy',''),(64,'Urinary Acidification',''),(65,'Asthma, Maintenance',''),(66,'Babesiosis',''),(67,'Pneumocystis Pneumonia Prophylaxis',''),(68,'Pneumocystis Pneumonia',''),(69,'Toxoplasmosis',''),(70,'Malaria',''),(71,'Cold Symptoms',''),(72,'Alzheimer\'s Disease',''),(73,'Ear Wax Impaction',''),(74,'Asthma, Maintenance',''),(75,'Angina',''),(76,'Angina Pectoris Prophylaxis',''),(77,'Ankylosing Spondylitis',''),(78,'Antiphospholipid Syndrome',''),(79,'Bradyarrhythmia',''),(80,'Organophosphate Poisoning',''),(81,'AV Heart Block',''),(82,'Anticholinesterase Poisoning',''),(83,'Pain',''),(84,'Anticholinesterase Poisoning',''),(85,'AV Heart Block',''),(86,'Bradyarrhythmia',''),(87,'Hyperphosphatemia of Renal Failure',''),(88,'Iron Deficiency Anemia',''),(89,'COPD, Maintenance',''),(90,'Rhinorrhea',''),(91,'Headache',''),(92,'Muscle Pain',''),(93,'Muscle Spasm',''),(94,'Erectile Dysfunction',''),(95,'Alpha-1 Proteinase Inhibitor Deficiency',''),(96,'Aplastic Anemia',''),(97,'Renal Transplant',''),(98,'Headache',''),(99,'COPD, Maintenance',''),(100,'Asthma',''),(101,'Borderline Personality Disorder',''),(102,'Bipolar Disorder',''),(103,'Post Traumatic Stress Disorder',''),(104,'Schizoaffective Disorder',''),(105,'Schizophrenia',''),(106,'Ischemic Stroke, Prophylaxis',''),(107,'High Blood Pressure',''),(108,'Uveitis',''),(109,'Pupillary Dilation',''),(110,'Refraction, Assessment',''),(111,'Nerve Agent Poisoning',''),(112,'Organophosphate Poisoning',''),(113,'Pain',''),(114,'Borderline Personality Disorder',''),(115,'Bipolar Disorder',''),(116,'Agitated State',''),(117,'Autism',''),(118,'Cough and Nasal Congestion',''),(119,'Sinus Symptoms',''),(120,'Malaria',''),(121,'Acute Lymphoblastic Leukemia',''),(122,'Ischemic Stroke, Prophylaxis',''),(123,'High Cholesterol',''),(124,'Myocardial Infarction, Prophylaxis',''),(125,'Revascularization Procedures, Prophylaxis',''),(126,'HIV Infection',''),(127,'Allergies',''),(128,'Iron Deficiency Anemia',''),(129,'Nonoccupational Exposure',''),(130,'HIV Infection',''),(131,'Angina',''),(132,'Angina Pectoris Prophylaxis',''),(133,'Ankylosing Spondylitis',''),(134,'Antiphospholipid Syndrome',''),(135,'Angina',''),(136,'Angina Pectoris Prophylaxis',''),(137,'Heart Attack',''),(138,'Ischemic Stroke',''),(139,'Hemostasis',''),(140,'Closure of Colostomy',''),(141,'Tinea Pedis',''),(142,'Tinea Corporis',''),(143,'Tinea Cruris',''),(144,'Tinea Versicolor',''),(145,'Crohn\'s Disease, Maintenance',''),(146,'Ulcerative Colitis, Active',''),(147,'Inflammatory Bowel Disease',''),(148,'Ulcerative Colitis, Maintenance',''),(149,'Ulcerative Proctitis',''),(150,'Ulcerative Colitis',''),(151,'Felty\'s Syndrome',''),(152,'Pemphigus',''),(153,'Psoriatic Arthritis',''),(154,'Rheumatoid Arthritis',''),(155,'Prevention of Cardiovascular Disease',''),(156,'ADHD',''),(157,'Social Anxiety Disorder',''),(158,'Fibromyalgia',''),(159,'Depression',''),(160,'Asthma, acute',''),(161,'Dry Eye Disease',''),(162,'Borderline Personality Disorder',''),(163,'Bipolar Disorder',''),(164,'Agitated State',''),(165,'Autism',''),(166,'Diarrhea',''),(167,'Osteolytic Bone Lesions of Multiple Myeloma',''),(168,'Paget\'s Disease',''),(169,'Breast Cancer, Bone Metastases',''),(170,'Hypercalcemia',''),(171,'Hypercalcemia of Malignancy',''),(172,'ICU Agitation',''),(173,'Anxiety',''),(174,'Insomnia',''),(175,'Dysautonomia',''),(176,'Thrombotic/Thromboembolic Disorder',''),(177,'Local Anesthesia',''),(178,'Anesthesia',''),(179,'Acne',''),(180,'Chronic Fatigue Syndrome',''),(181,'ADHD',''),(182,'Bipolar Disorder',''),(183,'Depression',''),(184,'Pompe disease',''),(185,'Nerve Agent Poisoning',''),(186,'Organophosphate Poisoning',''),(187,'Granulomatosis with Polyangiitis',''),(188,'Microscopic Polyangiitis',''),(189,'Gastrointestinal Stromal Tumor',''),(190,'Systemic Mastocytosis',''),(191,'Pulmonary Embolism',''),(192,'Deep Vein Thrombosis',''),(193,'Deep Vein Thrombosis Prophylaxis after Abdominal Surgery',''),(194,'Deep Vein Thrombosis Prophylaxis after Hip Replacement Surgery',''),(195,'Deep Vein Thrombosis Prophylaxis after Knee Replacement Surgery',''),(196,'Deep Vein Thrombosis, Prophylaxis',''),(197,'High Blood Pressure',''),(198,'Hangover',''),(199,'Fever',''),(200,'Pain',''),(201,'Schizophrenia',''),(202,'Extrapyramidal Reaction',''),(203,'Cerebral Spasticity',''),(204,'Parkinson\'s Disease','');
/*!40000 ALTER TABLE `medical_conditions` ENABLE KEYS */;
UNLOCK TABLES;

--
-- Table structure for table `related_drugs`
--

DROP TABLE IF EXISTS `related_drugs`;
/*!40101 SET @saved_cs_client     = @@character_set_client */;
/*!40101 SET character_set_client = utf8 */;
CREATE TABLE `related_drugs` (
  `id` int(11) NOT NULL AUTO_INCREMENT,
  `drug_id` int(11) NOT NULL,
  `related` int(11) NOT NULL,
  PRIMARY KEY (`id`),
  KEY `drug_id` (`drug_id`),
  KEY `related` (`related`),
  CONSTRAINT `related_drugs_ibfk_1` FOREIGN KEY (`drug_id`) REFERENCES `drugs` (`id`),
  CONSTRAINT `related_drugs_ibfk_2` FOREIGN KEY (`related`) REFERENCES `drugs` (`id`)
) ENGINE=InnoDB AUTO_INCREMENT=324 DEFAULT CHARSET=utf8mb4 COLLATE=utf8mb4_general_ci;
/*!40101 SET character_set_client = @saved_cs_client */;

--
-- Dumping data for table `related_drugs`
--

LOCK TABLES `related_drugs` WRITE;
/*!40000 ALTER TABLE `related_drugs` DISABLE KEYS */;
INSERT INTO `related_drugs` VALUES (1,1,2),(2,1,3),(3,1,4),(4,1,5),(5,1,6),(6,1,7),(7,1,8),(8,10,11),(9,10,12),(10,10,13),(11,10,14),(12,10,15),(13,10,16),(14,10,17),(15,19,20),(16,19,21),(17,19,22),(18,19,23),(19,19,24),(20,19,25),(21,27,28),(22,27,29),(23,27,30),(24,27,31),(25,27,32),(26,35,12),(27,35,36),(28,35,37),(29,35,38),(30,35,39),(31,40,41),(32,40,42),(33,40,43),(34,40,44),(35,40,45),(36,40,46),(37,40,47),(38,48,49),(39,48,50),(40,48,51),(41,48,52),(42,48,53),(43,48,54),(44,48,55),(45,56,57),(46,56,58),(47,56,59),(48,56,60),(49,61,62),(50,61,63),(51,61,64),(52,61,65),(53,66,67),(54,66,68),(55,66,69),(56,66,70),(57,66,71),(58,73,74),(59,73,75),(60,77,78),(61,77,79),(62,77,80),(63,77,81),(64,77,82),(65,77,83),(66,77,84),(67,87,88),(68,87,89),(69,87,90),(70,87,91),(71,87,92),(72,87,93),(73,87,94),(74,95,96),(75,97,98),(76,97,99),(77,102,11),(78,102,12),(79,102,13),(80,102,15),(81,102,17),(82,102,103),(83,102,104),(84,106,62),(85,106,107),(86,106,108),(87,106,109),(88,106,110),(89,106,65),(90,106,111),(91,112,113),(92,112,114),(93,112,115),(94,112,116),(95,112,117),(96,112,118),(97,124,125),(98,124,126),(99,124,127),(100,124,128),(101,124,129),(102,124,130),(103,133,134),(104,133,135),(105,133,136),(106,133,137),(107,133,138),(108,133,139),(109,140,141),(110,140,142),(111,140,143),(112,145,146),(113,145,147),(114,145,11),(115,145,148),(116,145,12),(117,145,149),(118,145,150),(119,151,152),(120,151,153),(121,151,154),(122,151,155),(123,151,156),(124,151,157),(125,151,158),(126,159,11),(127,159,12),(128,159,13),(129,159,15),(130,159,17),(131,159,103),(132,159,104),(133,161,162),(134,161,163),(135,161,164),(136,161,165),(137,161,166),(138,161,167),(139,161,168),(140,173,13),(141,173,14),(142,173,174),(143,173,16),(144,173,17),(145,173,175),(146,173,103),(147,176,177),(148,176,178),(149,176,179),(150,176,180),(151,176,181),(152,176,182),(153,183,184),(154,183,185),(155,183,186),(156,183,187),(157,183,188),(158,191,192),(159,191,125),(160,191,126),(161,191,127),(162,191,193),(163,191,129),(164,191,194),(165,195,196),(166,195,197),(167,195,198),(168,195,199),(169,195,200),(170,195,201),(171,195,202),(172,203,12),(173,203,36),(174,203,37),(175,203,38),(176,203,39),(177,205,147),(178,205,206),(179,205,207),(180,205,152),(181,205,208),(182,205,209),(183,205,210),(184,214,55),(185,214,215),(186,214,216),(187,214,217),(188,214,69),(189,214,218),(190,214,70),(191,219,62),(192,219,107),(193,219,108),(194,219,109),(195,219,110),(196,221,41),(197,221,12),(198,221,42),(199,221,36),(200,221,43),(201,221,44),(202,221,45),(203,222,223),(204,222,224),(205,222,225),(206,222,226),(207,222,227),(208,222,228),(209,222,229),(210,230,231),(211,230,232),(212,230,233),(213,230,234),(214,230,235),(215,230,236),(216,237,162),(217,237,166),(218,237,168),(219,238,223),(220,238,224),(221,238,225),(222,238,226),(223,238,227),(224,238,228),(225,238,239),(226,240,146),(227,240,147),(228,240,11),(229,240,148),(230,240,12),(231,240,149),(232,240,150),(233,241,148),(234,241,12),(235,241,149),(236,241,150),(237,241,242),(238,241,36),(239,241,16),(240,243,28),(241,243,29),(242,243,30),(243,243,31),(244,243,32),(245,244,245),(246,244,246),(247,244,247),(248,244,248),(249,244,249),(250,244,250),(251,244,251),(252,252,253),(253,252,254),(254,252,255),(255,252,256),(256,252,257),(257,252,258),(258,252,259),(259,260,147),(260,260,108),(261,260,261),(262,260,262),(263,260,263),(264,260,264),(265,266,267),(266,266,268),(267,266,269),(268,266,270),(269,266,271),(270,266,272),(271,275,196),(272,275,276),(273,275,277),(274,275,278),(275,275,279),(276,275,280),(277,275,281),(278,282,283),(279,282,284),(280,282,285),(281,282,286),(282,282,287),(283,282,288),(284,289,290),(285,289,192),(286,289,291),(287,289,292),(288,289,293),(289,289,294),(290,289,295),(291,296,297),(292,296,278),(293,296,279),(294,296,298),(295,296,280),(296,296,299),(297,296,300),(298,303,62),(299,303,304),(300,303,305),(301,303,306),(302,303,307),(303,308,309),(304,308,267),(305,308,269),(306,308,270),(307,308,271),(308,308,310),(309,308,311),(310,315,316),(311,315,317),(312,315,318),(313,315,319),(314,315,320),(315,315,115),(316,315,321),(317,325,196),(318,325,197),(319,325,199),(320,325,200),(321,325,201),(322,325,202),(323,325,326);
/*!40000 ALTER TABLE `related_drugs` ENABLE KEYS */;
UNLOCK TABLES;

--
-- Table structure for table `side_effects`
--

DROP TABLE IF EXISTS `side_effects`;
/*!40101 SET @saved_cs_client     = @@character_set_client */;
/*!40101 SET character_set_client = utf8 */;
CREATE TABLE `side_effects` (
  `id` int(11) NOT NULL AUTO_INCREMENT,
  `side_effect_name` varchar(255) DEFAULT NULL,
  `description` varchar(255) DEFAULT NULL,
  PRIMARY KEY (`id`)
) ENGINE=InnoDB AUTO_INCREMENT=375 DEFAULT CHARSET=utf8mb4 COLLATE=utf8mb4_general_ci;
/*!40101 SET character_set_client = @saved_cs_client */;

--
-- Dumping data for table `side_effects`
--

LOCK TABLES `side_effects` WRITE;
/*!40000 ALTER TABLE `side_effects` DISABLE KEYS */;
INSERT INTO `side_effects` VALUES (1,'nausea, vomiting, diarrhea, stomach cramps;',''),(2,'headache;',''),(3,'unusual changes in mood or behavior;',''),(4,'hair loss; or',''),(5,'changes in hair or skin color.',''),(6,'nausea, constipation;',''),(7,'feeling tired; or',''),(8,'weight loss.',''),(9,'dizziness, drowsiness;',''),(10,'sleep problems (insomnia);',''),(11,'diarrhea; or',''),(12,'feeling nervous, restless, anxious, or irritable;.',''),(13,'itching; or',''),(14,'swelling or bruising.',''),(15,'drowsiness; or',''),(16,'dizziness.',''),(17,'upset stomach, heartburn;',''),(18,'drowsiness; or',''),(19,'mild headache.',''),(20,'dizziness, drowsiness, blurred vision;',''),(21,'dry mouth, nose, or throat;',''),(22,'heartburn, nausea, diarrhea, constipation, upset stomach;',''),(23,'feeling nervous, restless, or irritable; or',''),(24,'sleep problems (insomnia).',''),(25,'fever, cough, increased mucus, sore throat;',''),(26,'hoarse voice;',''),(27,'headache, muscle pain, chest discomfort;',''),(28,'nausea, vomiting, diarrhea;',''),(29,'rash;',''),(30,'weight loss; or',''),(31,'feeling tired.',''),(32,'increased tooth sensitivity;',''),(33,'pain;',''),(34,'headache;',''),(35,'infection; or',''),(36,'flu-like symptoms.',''),(37,'upset stomach, heartburn;',''),(38,'depressed mood, feeling anxious or restless; or',''),(39,'sleep problems (insomnia).',''),(40,'dry, scaly, or peeling skin;',''),(41,'skin pain, redness or burning; or',''),(42,'itching or other irritation of treated skin.',''),(43,'mild itching; or',''),(44,'mild burning or stinging.',''),(45,'liver or pancreas problems;',''),(46,'bleeding or blood clots;',''),(47,'high blood sugar;',''),(48,'stomach pain, loss of appetite, nausea, vomiting, diarrhea;',''),(49,'fever, headache, tiredness, mouth sores;',''),(50,'bone pain, muscle or joint pain;',''),(51,'allergic reaction, skin rash; or',''),(52,'abnormal liver function tests.',''),(53,'mild stinging or pain when the drops are placed into your eye;',''),(54,'mild eye pain;',''),(55,'dry mouth, nose, or throat;',''),(56,'puffy or watery eyes;',''),(57,'blurred vision; or',''),(58,'your eyes may be more sensitive to light.',''),(59,'heartburn, upset stomach; or',''),(60,'nausea, diarrhea, stomach cramps.',''),(61,'pain, itching, swelling, redness, bruising, hardening, pitting, or other skin changes where the medicine was injected.',''),(62,'stomach pain, nausea, vomiting, diarrhea;',''),(63,'cough, sore throat, trouble breathing;',''),(64,'fever, chills, tiredness, headache, joint pain;',''),(65,'fast or irregular heartbeats;',''),(66,'numbness or tingly feeling;',''),(67,'low magnesium or potassium, high blood sugar;',''),(68,'itching, rash;',''),(69,'swelling;',''),(70,'joint or muscle pain; or',''),(71,'trouble sleeping.',''),(72,'kidney problems;',''),(73,'jaundice; or',''),(74,'abnormal urine tests.',''),(75,'dizziness, drowsiness, tiredness;',''),(76,'feeling restless or agitated;',''),(77,'numbness or tingling in or around your mouth;',''),(78,'muscle stiffness, jerky muscle movements;',''),(79,'nausea, altered sense of taste; or',''),(80,'increased appetite, weight gain.',''),(81,'fungal infection;',''),(82,'increased sinus allergy symptoms (runny nose, stuffy nose, sinus pain), sore throat, nosebleed;',''),(83,'headache;',''),(84,'muscle or bone pain, back pain;',''),(85,'flu symptoms;',''),(86,'indigestion, upset stomach;',''),(87,'menstrual pain; or',''),(88,'hoarseness or deepened voice.',''),(89,'stomach pain, vomiting, diarrhea;',''),(90,'mouth sores;',''),(91,'headache, dizziness, weakness;',''),(92,'strange dreams;',''),(93,'itching; or',''),(94,'cough',''),(95,'cold symptoms such as stuffy nose, sneezing, sore throat;',''),(96,'muscle, bone, or joint pain;',''),(97,'tiredness;',''),(98,'nausea, diarrhea;',''),(99,'rash; or',''),(100,'abnormal blood tests.',''),(101,'heartburn, upset stomach; or',''),(102,'nausea, diarrhea, stomach cramps.',''),(103,'fungal infection;',''),(104,'increased sinus allergy symptoms (runny nose, stuffy nose, sinus pain), sore throat, nosebleed;',''),(105,'headache;',''),(106,'muscle or bone pain, back pain;',''),(107,'flu symptoms;',''),(108,'indigestion, upset stomach;',''),(109,'menstrual pain; or',''),(110,'hoarseness or deepened voice.',''),(111,'nausea, vomiting, diarrhea;',''),(112,'headache;',''),(113,'fever; or',''),(114,'rash.',''),(115,'nausea, vomiting, diarrhea;',''),(116,'loss of appetite;',''),(117,'muscle pain;',''),(118,'sleep problems (insomnia); or',''),(119,'feeling tired.',''),(120,'a foaming or crackling sound in the ear after using the ear drops;',''),(121,'temporary decrease in hearing after using the drops;',''),(122,'mild feeling of fullness in the ear; or',''),(123,'mild itching inside the ear.',''),(124,'fungal infection;',''),(125,'increased sinus allergy symptoms (runny nose, stuffy nose, sinus pain), sore throat, nosebleed;',''),(126,'headache;',''),(127,'muscle or bone pain, back pain;',''),(128,'flu symptoms;',''),(129,'indigestion, upset stomach;',''),(130,'menstrual pain; or',''),(131,'hoarseness or deepened voice.',''),(132,'fast heartbeats, pounding heartbeats or fluttering in your chest;',''),(133,'flushing (sudden warmth, redness, or tingly feeling);',''),(134,'urinary problems;',''),(135,'constipation, bloating, stomach pain, nausea, vomiting;',''),(136,'loss of interest in sex, impotence;',''),(137,'dry mouth;',''),(138,'dry eyes, blurred vision, your eyes may be more sensitive to light;',''),(139,'confusion, dizziness; or',''),(140,'headache, drowsiness.',''),(141,'fast heartbeats, pounding heartbeats or fluttering in your chest;',''),(142,'flushing (sudden warmth, redness, or tingly feeling);',''),(143,'urinary problems;',''),(144,'constipation, bloating, stomach pain, nausea, vomiting;',''),(145,'loss of interest in sex, impotence;',''),(146,'dry mouth;',''),(147,'dry eyes, blurred vision, your eyes may be more sensitive to light;',''),(148,'confusion, dizziness; or',''),(149,'headache, drowsiness.',''),(150,'diarrhea, constipation;',''),(151,'darker color in your bowel movements;',''),(152,'nausea, vomiting, stomach pain; or',''),(153,'cough.',''),(154,'chest pain, trouble breathing;',''),(155,'back pain;',''),(156,'diarrhea;',''),(157,'leg cramps;',''),(158,'skin rash;',''),(159,'swelling in your legs;',''),(160,'stuffy nose; or',''),(161,'flu symptoms.',''),(162,'headache;',''),(163,'dry nose, mouth, or throat;',''),(164,'minor nosebleed;',''),(165,'sore throat;',''),(166,'blurred vision; or',''),(167,'unusual or unpleasant taste in the mouth.',''),(168,'dry mouth;',''),(169,'blurred vision;',''),(170,'dizziness, drowsiness, weakness;',''),(171,'headache; or',''),(172,'nausea, vomiting, constipation.',''),(173,'headache;',''),(174,'flushing (warmth, redness, or tingly feeling);',''),(175,'cold symptoms such as runny or stuffy nose, sore throat; or',''),(176,'back pain.',''),(177,'cold symptoms such as runny or stuffy nose, sneezing, cough, sore throat;',''),(178,'headache;',''),(179,'muscle or joint pain;',''),(180,'weakness;',''),(181,'flushing (sudden warmth, redness, or tingly feeling);',''),(182,'nausea; or',''),(183,'bruising or bleeding where the medicine was injected.',''),(184,'fever, chills, night sweats, or other signs of infection;',''),(185,'blisters or ulcers in your mouth, red or swollen gums, trouble swallowing;',''),(186,'nausea, vomiting, diarrhea;',''),(187,'pain where the medicine was injected;',''),(188,'red or itching skin;',''),(189,'abnormal liver or kidney function tests;',''),(190,'dizziness, headache, confusion; or',''),(191,'redness, swelling, warmth, irritation, or tenderness in the veins of your arms or legs.',''),(192,'cold symptoms such as stuffy nose, sneezing, sore throat;',''),(193,'cough with mucus, chest tightness, trouble breathing; or',''),(194,'tiredness, or headache.',''),(195,'muscle stiffness, jerky muscle movements;',''),(196,'weight gain; or',''),(197,'skin pain, redness, itching, swelling, or other irritation where the patch was worn.',''),(198,'headache;',''),(199,'heartburn, upset stomach;',''),(200,'nausea, stomach pain; or',''),(201,'diarrhea.',''),(202,'slow heartbeats;',''),(203,'feeling weak or tired;',''),(204,'dizziness, drowsiness;',''),(205,'numbness or tingling;',''),(206,'pale skin, bruising or bleeding;',''),(207,'depression; or',''),(208,'upset stomach, loss of appetite, constipation.',''),(209,'mild stinging or pain when the drops are placed into your eye;',''),(210,'mild eye pain;',''),(211,'dry mouth, nose, or throat;',''),(212,'puffy or watery eyes;',''),(213,'blurred vision; or',''),(214,'your eyes may be more sensitive to light.',''),(215,'trouble breathing;',''),(216,'dry mouth;',''),(217,'dry eyes, vision changes, increased sensitivity to light;',''),(218,'nausea, vomiting;',''),(219,'fast heartbeats, increased blood pressure;',''),(220,'behavior changes, feeling excited or confused;',''),(221,'decreased urination;',''),(222,'headache, dizziness, drowsiness;',''),(223,'muscle weakness;',''),(224,'dry skin, rash; or',''),(225,'abnormal liver function tests.',''),(226,'feeling restless;',''),(227,'pain where the injection was given;',''),(228,'weight gain; or',''),(229,'drowsiness.',''),(230,'dry mouth, nose, or throat;',''),(231,'upset stomach, loss of appetite, vomiting;',''),(232,'feeling excited or restless (especially in children);',''),(233,'sleep problems (insomnia); or',''),(234,'headache, dizziness.',''),(235,'headache, dizziness;',''),(236,'fever, cough, feeling weak or tired;',''),(237,'muscle pain, tenderness, or weakness;',''),(238,'joint pain;',''),(239,'vomiting; or',''),(240,'loss of appetite.',''),(241,'pancreatitis;',''),(242,'blood clotting problems; or',''),(243,'abnormal liver function tests.',''),(244,'rash;',''),(245,'jaundice; or',''),(246,'changes in the shape or location of body fat (especially in your arms, legs, face, neck, breasts, and waist).',''),(247,'nausea, upset stomach;',''),(248,'constipation; or',''),(249,'diarrhea.',''),(250,'fever;',''),(251,'nausea, vomiting, stomach pain, diarrhea;',''),(252,'headache, muscle pain;',''),(253,'depressed mood, sleep problems (insomnia);',''),(254,'numbness, tingling, or burning pain in your hands or feet; or',''),(255,'changes in the shape or location of body fat (especially in your arms, legs, face, neck, breasts, and waist).',''),(256,'upset stomach, heartburn;',''),(257,'drowsiness; or',''),(258,'mild headache.',''),(259,'upset stomach, heartburn;',''),(260,'drowsiness; or',''),(261,'mild headache.',''),(262,'itching; or',''),(263,'swelling or bruising.',''),(264,'burping, constipation, nausea, vomiting, stomach pain, diarrhea, gas;',''),(265,'dizziness;',''),(266,'cold symptoms such as stuffy nose, sneezing, sore throat;',''),(267,'back pain;',''),(268,'headache;',''),(269,'rash; or',''),(270,'abnormal liver function tests.',''),(271,'diarrhea, loose stools;',''),(272,'rash, itching; or',''),(273,'blisters or ulcers in your mouth, red or swollen gums, trouble swallowing.',''),(274,'heartburn, stomach pain, indigestion;',''),(275,'nausea, diarrhea; or',''),(276,'chest pain (may happen when you eat).',''),(277,'nausea, vomiting, upset stomach, constipation;',''),(278,'dry mouth, loss of appetite;',''),(279,'mood changes, feeling tired;',''),(280,'dizziness;',''),(281,'urination problems; or',''),(282,'impotence, trouble having an erection.',''),(283,'mild eye burning or irritation;',''),(284,'itching or redness of your eyes;',''),(285,'watery eyes;',''),(286,'blurred vision; or',''),(287,'unpleasant taste in your mouth.',''),(288,'feeling shaky, anxious, or restless;',''),(289,'nausea, constipation;',''),(290,'dizziness, drowsiness; or',''),(291,'sleep problems (insomnia).',''),(292,'drowsiness, dizziness, feeling restless;',''),(293,'headache;',''),(294,'numbness in your hands or feet;',''),(295,'depression, not feeling well;',''),(296,'confusion, feelings of extreme happiness;',''),(297,'red or swollen gums;',''),(298,'dry mouth, nose, or throat;',''),(299,'nausea, vomiting, upset stomach, loss of appetite; or',''),(300,'skin rash, dryness, or itching.',''),(301,'fever, headache;',''),(302,'bone pain;',''),(303,'increased blood pressure;',''),(304,'nausea, vomiting;',''),(305,'low calcium or phosphate levels; or',''),(306,'pain, redness, swelling or a hard lump under your skin around the IV needle.',''),(307,'drowsiness, feeling light-headed;',''),(308,'breathing problems; or',''),(309,'redness or burning when lorazepam is injected into a muscle.',''),(310,'infection;',''),(311,'problems with heart function;',''),(312,'fever;',''),(313,'nausea, vomiting, diarrhea;',''),(314,'low blood pressure;',''),(315,'shortness of breath;',''),(316,'headache, back pain; or',''),(317,'chest pain.',''),(318,'tongue pain or swelling, red or swollen gums;',''),(319,'mild swelling in your face;',''),(320,'headache; or',''),(321,'numbness and tingling.',''),(322,'dry, scaly, or peeling skin;',''),(323,'skin pain, redness or burning; or',''),(324,'itching or other irritation of treated skin.',''),(325,'headache, dizziness;',''),(326,'nausea; or',''),(327,'sleep problems (insomnia).',''),(328,'headache, dizziness, feeling tired;',''),(329,'nausea, vomiting, diarrhea;',''),(330,'itching, rash, redness;',''),(331,'muscle or joint pain;',''),(332,'trouble breathing; or',''),(333,'numbness, tingling, burning pain.',''),(334,'trouble breathing;',''),(335,'dry mouth;',''),(336,'dry eyes, vision changes, increased sensitivity to light;',''),(337,'nausea, vomiting;',''),(338,'fast heartbeats, increased blood pressure;',''),(339,'behavior changes, feeling excited or confused;',''),(340,'decreased urination;',''),(341,'headache, dizziness, drowsiness;',''),(342,'muscle weakness;',''),(343,'dry skin, rash; or',''),(344,'abnormal liver function tests.',''),(345,'tiredness;',''),(346,'rash;',''),(347,'headache, dizziness;',''),(348,'burning or prickling sensation;',''),(349,'increase in blood creatinine;',''),(350,'nausea, diarrhea, vomiting, stomach pain; or',''),(351,'severe headache, blurred vision, pounding in your neck or ears.',''),(352,'nausea, vomiting, loss of appetite, stomach pain;',''),(353,'diarrhea, constipation;',''),(354,'fluid retention, swelling;',''),(355,'feeling dizzy, weak, or tired;',''),(356,'muscle weakness;',''),(357,'watery eyes;',''),(358,'rash; or',''),(359,'hair color changes.',''),(360,'bleeding, bruising;',''),(361,'sleep problems (insomnia);',''),(362,'rash, blisters;',''),(363,'dizziness, confusion; or',''),(364,'minor bleeding, rash, itching, or oozing where the medicine was injected.',''),(365,'dizziness;',''),(366,'back pain; or',''),(367,'cold or flu symptoms.',''),(368,'upset stomach, heartburn;',''),(369,'drowsiness; or',''),(370,'mild headache.',''),(371,'feeling restless;',''),(372,'pain where the injection was given;',''),(373,'weight gain; or',''),(374,'drowsiness.','');
/*!40000 ALTER TABLE `side_effects` ENABLE KEYS */;
UNLOCK TABLES;
/*!40103 SET TIME_ZONE=@OLD_TIME_ZONE */;

/*!40101 SET SQL_MODE=@OLD_SQL_MODE */;
/*!40014 SET FOREIGN_KEY_CHECKS=@OLD_FOREIGN_KEY_CHECKS */;
/*!40014 SET UNIQUE_CHECKS=@OLD_UNIQUE_CHECKS */;
/*!40101 SET CHARACTER_SET_CLIENT=@OLD_CHARACTER_SET_CLIENT */;
/*!40101 SET CHARACTER_SET_RESULTS=@OLD_CHARACTER_SET_RESULTS */;
/*!40101 SET COLLATION_CONNECTION=@OLD_COLLATION_CONNECTION */;
/*!40111 SET SQL_NOTES=@OLD_SQL_NOTES */;

-- Dump completed on 2022-11-27 18:37:32
